"gnomad211_exome	2.788e-05,0.0003,2.211e-05,3.468e-05,2.783e-05,0.0003,0,5.787e-05,0,0,0,0,0,0.0004,0.0003,0.0003,0.0007	11	116649645	116649645	C	T"
"gnomad211_exome	1.593e-05,3.267e-05,2.947e-05,0,1.59e-05,0,3.267e-05,0,0,2.641e-05,0,0,0,3.267e-05,3.268e-05,3.276e-05,6.374e-05	11	116649646	116649646	G	A"
"gnomad211_exome	3.583e-05,5.282e-05,3.683e-05,3.466e-05,3.579e-05,0,0,2.894e-05,0,5.282e-05,0,0,0.0003,5.381e-05,5.587e-05,4.873e-05,7.016e-05	11	116649651	116649651	G	A"
"gnomad211_exome	8.75e-05,0.0002,8.83e-05,8.655e-05,8.748e-05,0.0002,0,0,0,0.0001,0,0,0.0003,0.0002,0.0002,0.0002,0.0004	11	116649673	116649673	C	G"
"gnomad211_exome	3.977e-06,3.266e-05,7.359e-06,0,3.976e-06,0,3.266e-05,0,0,0,0,0,0,3.266e-05,3.267e-05,3.276e-05,.	11	116649678	116649678	G	A"
"gnomad211_exome	3.977e-06,5.437e-05,0,8.655e-06,3.976e-06,0,0,0,5.437e-05,0,0,0,0,5.438e-05,7.454e-05,5.652e-05,0.0001	11	116649688	116649688	C	T"
"gnomad211_exome	7.954e-06,8.791e-06,7.358e-06,8.654e-06,7.952e-06,0,0,0,0,8.791e-06,0,0,0.0002,8.955e-06,1.117e-05,9.733e-06,2.338e-05	11	116649699	116649699	A	G"
"gnomad211_exome	2.386e-05,0.0002,4.415e-05,0,2.386e-05,0,0.0002,0,0,0,0,0,0,0.0002,0.0002,0.0002,0.0002	11	116649708	116649708	T	A"
"gnomad211_exome	7.953e-06,5.782e-05,1.472e-05,0,7.952e-06,0,0,5.782e-05,0,0,0,0,0,5.805e-05,6.553e-05,5.838e-05,5.845e-05	11	116649712	116649712	G	T"
"gnomad211_exome	3.977e-06,8.791e-06,7.359e-06,0,3.976e-06,0,0,0,0,8.791e-06,0,0,0,8.955e-06,1.117e-05,9.733e-06,2.338e-05	11	116649715	116649715	C	T"
"gnomad211_exome	7.953e-06,1.758e-05,0,1.731e-05,7.952e-06,0,0,0,0,1.758e-05,0,0,0,1.791e-05,.,1.947e-05,.	11	116649718	116649718	A	G"
"gnomad211_exome	3.977e-06,8.791e-06,0,8.655e-06,3.976e-06,0,0,0,0,8.791e-06,0,0,0,8.955e-06,1.117e-05,9.733e-06,2.338e-05	11	116649723	116649723	C	T"
"gnomad211_exome	1.989e-05,0.0002,2.208e-05,1.731e-05,1.988e-05,0,0,2.891e-05,0.0002,0,0,0,0,0.0002,0.0001,0.0002,0.0001	11	116649724	116649724	G	A"
"gnomad211_exome	3.977e-06,5.437e-05,0,8.653e-06,3.976e-06,0,0,0,5.437e-05,0,0,0,0,5.438e-05,7.454e-05,5.652e-05,0.0001	11	116649726	116649726	T	C"
"gnomad211_exome	0.0001,0.0002,9.566e-05,0.0001,0.0001,0.0001,0,0,0,0.0002,0,0,0,0.0002,0.0002,0.0002,0.0002	11	116649732	116649732	C	G"
"gnomad211_exome	4.772e-05,7.033e-05,5.887e-05,3.462e-05,4.771e-05,0,6.533e-05,5.782e-05,0,7.033e-05,0,0,0,7.164e-05,6.552e-05,7.787e-05,0.0001	11	116649732	116649732	C	T"
"gnomad211_exome	3.977e-06,5.437e-05,7.359e-06,0,3.976e-06,0,0,0,5.437e-05,0,0,0,0,5.438e-05,7.454e-05,5.652e-05,0.0001	11	116649733	116649733	G	A"
"gnomad211_exome	3.977e-06,8.791e-06,7.358e-06,0,3.976e-06,0,0,0,0,8.791e-06,0,0,0,8.955e-06,1.117e-05,9.733e-06,.	11	116649739	116649739	C	A"
"gnomad211_exome	3.977e-06,.,0,8.654e-06,3.976e-06,0,0,0,0,0,4.624e-05,0,0,.,.,.,.	11	116649742	116649742	T	C"
"gnomad211_exome	3.977e-06,8.791e-06,0,8.654e-06,3.976e-06,0,0,0,0,8.791e-06,0,0,0,8.956e-06,1.117e-05,9.734e-06,2.338e-05	11	116649751	116649751	G	A"
"gnomad211_exome	3.977e-06,3.266e-05,7.359e-06,0,3.976e-06,0,3.266e-05,0,0,0,0,0,0,3.266e-05,3.267e-05,3.276e-05,.	11	116649753	116649753	T	A"
"gnomad211_exome	3.977e-06,3.266e-05,7.359e-06,0,3.976e-06,0,3.266e-05,0,0,0,0,0,0,3.266e-05,3.267e-05,3.276e-05,6.373e-05	11	116649755	116649755	A	T"
"gnomad211_exome	0.0131,0.0188,0.0131,0.0131,0.0131,0.0022,0.0029,0.0074,0,0.0188,0.0256,0.0123,0.0148,0.0188,0.0187,0.0189,0.0193	11	116649759	116649759	T	C"
"gnomad211_exome	3.978e-06,8.792e-06,0,8.657e-06,3.976e-06,0,0,0,0,8.792e-06,0,0,0,8.957e-06,.,9.735e-06,.	11	116649760	116649760	C	G"
"gnomad211_exome	1.193e-05,8.674e-05,1.472e-05,8.657e-06,1.193e-05,0,0,8.674e-05,0,0,0,0,0,8.707e-05,9.83e-05,8.758e-05,.	11	116649760	116649760	C	T"
"gnomad211_exome	0.0052,0.0370,0.0036,0.0071,0.0052,0.0002,0,0.0370,5.439e-05,2.639e-05,0,0,0.0038,0.0371,0.0382,0.0371,0.0346	11	116649765	116649765	G	A"
"gnomad211_exome	3.979e-06,8.796e-06,7.362e-06,0,3.976e-06,0,0,0,0,8.796e-06,0,0,0,8.96e-06,1.117e-05,9.739e-06,.	11	116649769	116649769	A	G"
"gnomad211_exome	4.045e-06,6.252e-05,0,8.815e-06,7.953e-06,6.252e-05,0,0,0,0,0,0,0,8.496e-05,6.266e-05,6.83e-05,0.0001	11	116650490	116650490	G	T"
"gnomad211_exome	4.05e-06,8.879e-06,0,8.828e-06,7.953e-06,0,0,0,0,8.879e-06,0,0,0,9.04e-06,1.128e-05,9.841e-06,.	11	116650501	116650501	T	C"
"gnomad211_exome	4.053e-06,3.032e-05,7.488e-06,0,3.976e-06,0,0,3.032e-05,0,0,0,0,0,3.044e-05,3.445e-05,3.062e-05,.	11	116650507	116650507	G	C"
"gnomad211_exome	4.05e-06,8.881e-06,7.483e-06,0,3.976e-06,0,0,0,0,8.881e-06,0,0,0,9.042e-06,1.129e-05,9.843e-06,2.364e-05	11	116650516	116650516	T	C"
"gnomad211_exome	4.054e-06,3.362e-05,7.488e-06,0,3.976e-06,0,3.362e-05,0,0,0,0,0,0,3.362e-05,3.363e-05,3.372e-05,6.55e-05	11	116650519	116650519	A	C"
"gnomad211_exome	4.057e-06,5.57e-05,0,8.841e-06,1.591e-05,0,0,0,5.57e-05,0,0,0,0,5.572e-05,7.708e-05,5.797e-05,0.0001	11	116650522	116650522	A	G"
"gnomad211_exome	1.219e-05,0.0002,0,2.656e-05,1.193e-05,0,0,0,0.0002,0,0,0,0,0.0002,0.0002,0.0002,0.0002	11	116650523	116650523	T	C"
"gnomad211_exome	8.162e-06,6.151e-05,7.538e-06,8.898e-06,7.953e-06,0,0,6.151e-05,0,0,0,0,0,6.176e-05,3.492e-05,6.215e-05,6.234e-05	11	116650528	116650528	T	A"
"gnomad211_exome	4.082e-06,8.934e-06,0,8.904e-06,3.976e-06,0,0,0,0,8.934e-06,0,0,0,9.096e-06,1.136e-05,9.91e-06,.	11	116650529	116650529	G	A"
"gnomad211_exome	4.096e-06,5.66e-05,0,8.936e-06,7.953e-06,0,0,0,5.66e-05,0,0,0,0,5.661e-05,7.88e-05,5.894e-05,0.0001	11	116650537	116650537	A	G"
"gnomad211_exome	4.123e-06,9.003e-06,7.607e-06,0,1.193e-05,0,0,0,0,9.003e-06,0,0,0,9.163e-06,1.144e-05,9.994e-06,.	11	116650545	116650545	T	A"
"gnomad211_exome	1.247e-05,6.318e-05,7.669e-06,1.816e-05,1.193e-05,0,0,6.318e-05,0,9.061e-06,0,0,0,6.343e-05,7.145e-05,6.385e-05,0.0001	11	116650547	116650547	C	T"
"gnomad211_exome	4.186e-06,9.109e-06,0,9.154e-06,3.976e-06,0,0,0,0,9.109e-06,0,0,0,9.269e-06,1.157e-05,.,.	11	116650553	116650553	T	G"
"gnomad211_exome	7.958e-06,6.536e-05,0,1.732e-05,7.952e-06,0,6.536e-05,0,0,0,0,0,0,6.536e-05,6.538e-05,6.555e-05,.	11	116652878	116652878	T	C"
"gnomad211_exome	1.194e-05,0.0002,1.473e-05,8.661e-06,1.193e-05,0.0002,0,0,0,0,0,0,0,0.0002,0.0002,0.0002,0.0004	11	116652880	116652880	C	T"
"gnomad211_exome	3.979e-06,8.797e-06,7.362e-06,0,3.976e-06,0,0,0,0,8.797e-06,0,0,0,8.962e-06,1.117e-05,9.741e-06,2.339e-05	11	116652881	116652881	A	G"
"gnomad211_exome	3.979e-06,3.267e-05,7.361e-06,0,3.976e-06,0,3.267e-05,0,0,0,0,0,0,3.267e-05,3.268e-05,3.277e-05,.	11	116652884	116652884	T	G"
"gnomad211_exome	2.387e-05,0.0003,2.208e-05,2.597e-05,2.386e-05,0,0,0,0.0003,0,0,0,0,0.0003,0.0002,0.0003,.	11	116652888	116652888	G	C"
"gnomad211_exome	3.978e-06,8.795e-06,7.36e-06,0,3.976e-06,0,0,0,0,8.795e-06,0,0,0,8.96e-06,1.117e-05,9.738e-06,2.339e-05	11	116652891	116652891	T	G"
"gnomad211_exome	0.0049,0.0079,0.0047,0.0052,0.0050,0.0017,3.268e-05,0.0028,0,0.0079,0.0082,0.0012,0.0057,0.0079,0.0079,0.0078,0.0077	11	116652892	116652892	A	T"
"gnomad211_exome	3.978e-06,6.153e-05,7.36e-06,0,3.976e-06,6.153e-05,0,0,0,0,0,0,0,8.318e-05,6.168e-05,.,.	11	116652893	116652893	A	T"
"gnomad211_exome	3.978e-06,8.794e-06,7.36e-06,0,3.976e-06,0,0,0,0,8.794e-06,0,0,0,8.959e-06,1.117e-05,9.737e-06,.	11	116652896	116652896	T	A"
"gnomad211_exome	3.977e-06,6.152e-05,7.359e-06,0,3.976e-06,6.152e-05,0,0,0,0,0,0,0,8.317e-05,6.167e-05,6.711e-05,0.0001	11	116652899	116652899	T	C"
"gnomad211_exome	3.977e-06,8.792e-06,7.359e-06,0,3.976e-06,0,0,0,0,8.792e-06,0,0,0,8.956e-06,.,9.734e-06,.	11	116652899	116652899	T	G"
"gnomad211_exome	3.977e-06,6.152e-05,7.359e-06,0,3.976e-06,6.152e-05,0,0,0,0,0,0,0,8.317e-05,6.167e-05,6.711e-05,.	11	116652902	116652902	A	T"
"gnomad211_exome	3.977e-06,2.892e-05,0,8.654e-06,3.976e-06,0,0,2.892e-05,0,0,0,0,0,2.903e-05,3.277e-05,2.92e-05,5.846e-05	11	116652907	116652907	C	A"
"gnomad211_exome	4.375e-05,0.0001,4.415e-05,4.327e-05,4.771e-05,0.0001,3.267e-05,0.0001,0,1.758e-05,0,0,0.0002,0.0001,0.0001,0.0001,0.0002	11	116652911	116652911	G	A"
"gnomad211_exome	2.386e-05,0.0002,0,5.192e-05,2.386e-05,0,0,0.0002,0,0,0,0,0,0.0002,0.0002,0.0002,0.0004	11	116652914	116652914	T	C"
"gnomad211_exome	3.977e-06,8.791e-06,0,8.655e-06,3.976e-06,0,0,0,0,8.791e-06,0,0,0,8.956e-06,1.117e-05,9.734e-06,.	11	116652927	116652927	A	C"
"gnomad211_exome	1.193e-05,9.801e-05,2.208e-05,0,1.193e-05,0,9.801e-05,0,0,0,0,0,0,9.801e-05,9.804e-05,9.83e-05,0.0001	11	116652939	116652939	G	C"
"gnomad211_exome	3.978e-06,3.267e-05,0,8.655e-06,3.976e-06,0,3.267e-05,0,0,0,0,0,0,3.267e-05,3.268e-05,3.277e-05,6.374e-05	11	116652941	116652941	G	C"
"gnomad211_exome	3.978e-06,5.44e-05,7.36e-06,0,3.976e-06,0,0,0,5.44e-05,0,0,0,0,5.441e-05,7.459e-05,5.656e-05,0.0001	11	116652948	116652948	G	C"
"gnomad211_exome	3.979e-06,8.796e-06,0,8.659e-06,3.976e-06,0,0,0,0,8.796e-06,0,0,0,8.96e-06,1.117e-05,9.739e-06,2.339e-05	11	116652957	116652957	T	G"
"gnomad211_exome	1.989e-05,4.397e-05,1.472e-05,2.596e-05,1.988e-05,0,0,0,0,4.397e-05,0,0,0,4.48e-05,4.468e-05,4.869e-05,.	11	116653642	116653642	C	T"
"gnomad211_exome	9.545e-05,0.0002,8.095e-05,0.0001,9.543e-05,0,3.266e-05,0,0,0.0002,0.0002,0,0.0002,0.0002,0.0002,0.0002,0.0002	11	116653643	116653643	G	A"
"gnomad211_exome	3.976e-06,8.791e-06,7.357e-06,0,3.976e-06,0,0,0,0,8.791e-06,0,0,0,8.955e-06,1.117e-05,9.733e-06,2.338e-05	11	116653661	116653661	C	A"
"gnomad211_exome	3.181e-05,0.0003,4.414e-05,1.731e-05,3.181e-05,0,0.0003,0,0,0,0,0,0,0.0003,0.0003,0.0003,0.0003	11	116653669	116653669	G	A"
"gnomad211_exome	3.976e-06,8.791e-06,0,8.653e-06,3.976e-06,0,0,0,0,8.791e-06,0,0,0,8.955e-06,1.117e-05,9.733e-06,2.338e-05	11	116653670	116653670	T	C"
"gnomad211_exome	1.591e-05,2.637e-05,7.357e-06,2.596e-05,1.988e-05,0,0,0,0,2.637e-05,0,0,0.0002,2.686e-05,1.117e-05,2.92e-05,2.338e-05	11	116653672	116653672	G	A"
"gnomad211_exome	3.976e-06,6.152e-05,0,8.653e-06,3.976e-06,6.152e-05,0,0,0,0,0,0,0,8.315e-05,6.166e-05,.,.	11	116653672	116653672	G	C"
"gnomad211_exome	3.976e-06,8.79e-06,0,8.653e-06,3.976e-06,0,0,0,0,8.79e-06,0,0,0,8.955e-06,1.117e-05,9.733e-06,.	11	116653681	116653681	C	T"
"gnomad211_exome	1.591e-05,5.782e-05,1.471e-05,1.731e-05,1.591e-05,0,3.266e-05,5.782e-05,0,8.791e-06,0,0,0,5.804e-05,6.552e-05,5.838e-05,6.373e-05	11	116653685	116653685	C	T"
"gnomad211_exome	3.976e-06,2.891e-05,7.357e-06,0,3.976e-06,0,0,2.891e-05,0,0,0,0,0,2.902e-05,3.276e-05,2.919e-05,5.844e-05	11	116653691	116653691	C	T"
"gnomad211_exome	3.977e-06,5.437e-05,0,8.654e-06,3.976e-06,0,0,0,5.437e-05,0,0,0,0,5.438e-05,7.454e-05,5.652e-05,0.0001	11	116653699	116653699	C	G"
"gnomad211_exome	7.954e-06,6.152e-05,7.358e-06,8.654e-06,7.952e-06,6.152e-05,0,0,0,0,0,9.921e-05,0,8.315e-05,6.166e-05,6.711e-05,.	11	116653720	116653720	G	A"
"gnomad211_exome	3.977e-06,8.792e-06,7.358e-06,0,3.976e-06,0,0,0,0,8.792e-06,0,0,0,8.956e-06,.,9.734e-06,.	11	116653726	116653726	T	A"
"gnomad211_exome	3.977e-06,8.792e-06,7.358e-06,0,3.976e-06,0,0,0,0,8.792e-06,0,0,0,8.957e-06,1.117e-05,.,.	11	116653735	116653735	C	G"
"gnomad211_exome	3.978e-06,8.795e-06,7.36e-06,0,3.976e-06,0,0,0,0,8.795e-06,0,0,0,8.959e-06,1.117e-05,9.738e-06,2.338e-05	11	116653742	116653742	C	T"
"gnomad211_exome	3.978e-06,8.795e-06,0,8.655e-06,3.976e-06,0,0,0,0,8.795e-06,0,0,0,8.96e-06,.,9.739e-06,.	11	116654256	116654256	T	A"
"gnomad211_exome	1.591e-05,0.0001,1.472e-05,1.731e-05,1.59e-05,0,0.0001,0,0,0,0,0,0,0.0001,0.0001,0.0001,0.0001	11	116654265	116654265	A	C"
"gnomad211_exome	7.954e-06,5.437e-05,1.472e-05,0,7.952e-06,0,0,0,5.437e-05,8.793e-06,0,0,0,5.438e-05,7.454e-05,5.652e-05,.	11	116654265	116654265	A	G"
"gnomad211_exome	1.988e-05,0.0001,7.358e-06,3.461e-05,1.988e-05,0,0,0.0001,0,0,0,0,0,0.0001,0.0001,0.0001,0.0001	11	116654272	116654272	A	C"
"gnomad211_exome	3.977e-06,2.891e-05,0,8.653e-06,3.976e-06,0,0,2.891e-05,0,0,0,0,0,2.902e-05,3.276e-05,2.919e-05,5.844e-05	11	116654287	116654287	G	A"
"gnomad211_exome	1.591e-05,0.0002,7.358e-06,2.596e-05,1.59e-05,0.0002,0,0,0,0,0,0,0,0.0002,0.0002,0.0003,0.0004	11	116654290	116654290	G	A"
"gnomad211_exome	7.953e-06,2.891e-05,7.358e-06,8.654e-06,7.952e-06,0,0,2.891e-05,0,8.791e-06,0,0,0,2.902e-05,3.276e-05,2.919e-05,5.845e-05	11	116654297	116654297	C	G"
"gnomad211_exome	1.193e-05,9.799e-05,1.472e-05,8.654e-06,1.193e-05,0,9.799e-05,0,0,0,0,0,0,9.799e-05,9.801e-05,6.552e-05,6.373e-05	11	116654311	116654311	G	A"
"gnomad211_exome	3.977e-06,8.792e-06,7.358e-06,0,3.976e-06,0,0,0,0,8.792e-06,0,0,0,8.956e-06,.,9.734e-06,2.338e-05	11	116654313	116654313	T	C"
"gnomad211_exome	1.591e-05,8.673e-05,1.472e-05,1.731e-05,1.59e-05,0,0,8.673e-05,0,8.792e-06,0,0,0,8.707e-05,6.553e-05,8.757e-05,2.338e-05	11	116654317	116654317	C	T"
"gnomad211_exome	3.977e-06,5.437e-05,0,8.653e-06,3.976e-06,0,0,0,5.437e-05,0,0,0,0,5.438e-05,7.454e-05,5.652e-05,0.0001	11	116654320	116654320	C	T"
"gnomad211_exome	3.977e-06,3.266e-05,7.359e-06,0,3.976e-06,0,3.266e-05,0,0,0,0,0,0,3.266e-05,3.267e-05,3.276e-05,.	11	116654331	116654331	T	A"
"gnomad211_exome	3.976e-06,.,0,8.654e-06,3.976e-06,0,0,0,0,0,0,9.921e-05,0,.,.,.,.	11	116655094	116655094	C	G"
"gnomad211_exome	7.953e-06,1.758e-05,0,1.731e-05,1.193e-05,0,0,0,0,1.758e-05,0,0,0,1.791e-05,1.117e-05,1.946e-05,.	11	116655104	116655104	C	T"
"gnomad211_exome	0.0001,0.0002,0.0001,9.518e-05,0.0001,0,0,2.891e-05,0.0002,0.0002,0,0,0,0.0002,0.0002,0.0002,0.0002	11	116655105	116655105	G	A"
"gnomad211_exome	3.976e-06,6.152e-05,7.357e-06,0,3.976e-06,6.152e-05,0,0,0,0,0,0,0,8.315e-05,6.166e-05,6.711e-05,.	11	116655107	116655107	T	A"
"gnomad211_exome	3.976e-06,8.79e-06,7.357e-06,0,3.976e-06,0,0,0,0,8.79e-06,0,0,0,8.955e-06,1.117e-05,9.732e-06,2.338e-05	11	116655107	116655107	T	C"
"gnomad211_exome	3.976e-06,3.266e-05,7.357e-06,0,3.976e-06,0,3.266e-05,0,0,0,0,0,0,3.266e-05,3.267e-05,3.276e-05,.	11	116655108	116655108	G	A"
"gnomad211_exome	3.976e-06,3.266e-05,7.357e-06,0,3.976e-06,0,3.266e-05,0,0,0,0,0,0,3.266e-05,3.267e-05,3.276e-05,.	11	116655112	116655112	A	C"
"gnomad211_exome	3.976e-06,2.891e-05,7.357e-06,0,3.976e-06,0,0,2.891e-05,0,0,0,0,0,2.902e-05,.,2.919e-05,.	11	116655115	116655115	G	C"
"gnomad211_exome	7.953e-06,3.266e-05,0,1.731e-05,7.952e-06,0,3.266e-05,0,0,8.79e-06,0,0,0,3.266e-05,3.267e-05,3.276e-05,.	11	116655120	116655120	C	T"
"gnomad211_exome	3.976e-06,6.152e-05,0,8.653e-06,3.976e-06,6.152e-05,0,0,0,0,0,0,0,8.315e-05,6.166e-05,6.711e-05,.	11	116655123	116655123	A	T"
"gnomad211_exome	3.976e-06,3.266e-05,7.357e-06,0,3.976e-06,0,3.266e-05,0,0,0,0,0,0,3.266e-05,3.267e-05,3.276e-05,.	11	116655125	116655125	T	C"
"gnomad211_exome	3.976e-06,8.79e-06,7.357e-06,0,3.976e-06,0,0,0,0,8.79e-06,0,0,0,8.954e-06,1.117e-05,9.732e-06,.	11	116655129	116655129	T	C"
"gnomad211_exome	3.976e-06,8.79e-06,0,8.653e-06,3.976e-06,0,0,0,0,8.79e-06,0,0,0,8.954e-06,.,9.732e-06,.	11	116655132	116655132	C	T"
"gnomad211_exome	7.952e-06,5.782e-05,1.471e-05,0,7.952e-06,0,0,5.782e-05,0,0,0,0,0,5.804e-05,6.552e-05,5.838e-05,5.844e-05	11	116655138	116655138	T	C"
"gnomad211_exome	3.976e-06,8.79e-06,7.357e-06,0,3.976e-06,0,0,0,0,8.79e-06,0,0,0,8.954e-06,1.117e-05,.,.	11	116655159	116655159	G	A"
"gnomad211_exome	3.977e-06,3.266e-05,7.358e-06,0,3.976e-06,0,3.266e-05,0,0,0,0,0,0,3.266e-05,3.267e-05,3.276e-05,.	11	116655583	116655583	T	C"
"gnomad211_exome	3.977e-06,3.266e-05,7.358e-06,0,3.976e-06,0,3.266e-05,0,0,0,0,0,0,3.266e-05,3.267e-05,3.276e-05,.	11	116655595	116655595	C	A"
"gnomad211_exome	1.193e-05,6.533e-05,1.472e-05,8.653e-06,1.193e-05,0,6.533e-05,2.891e-05,0,0,0,0,0,6.533e-05,6.534e-05,6.552e-05,0.0001	11	116655595	116655595	C	T"
"gnomad211_exome	0.0658,0.1520,0.0623,0.0699,0.0659,0.0307,0.0382,0.1520,0.0008,0.0634,0.0590,0.0680,0.0705,0.1520,0.1558,0.1522,0.1538	11	116655600	116655600	G	A"
"gnomad211_exome	7.954e-06,5.784e-05,0,1.731e-05,7.952e-06,0,0,5.784e-05,0,0,0,0,0,5.807e-05,6.556e-05,5.84e-05,.	11	116655600	116655600	G	C"
"gnomad211_exome	3.977e-06,6.152e-05,0,8.653e-06,3.976e-06,6.152e-05,0,0,0,0,0,0,0,8.315e-05,6.166e-05,6.711e-05,0.0001	11	116655603	116655603	T	C"
"gnomad211_exome	3.976e-06,8.79e-06,7.357e-06,0,3.976e-06,0,0,0,0,8.79e-06,0,0,0,8.955e-06,1.117e-05,9.732e-06,2.338e-05	11	116655613	116655613	G	A"
"gnomad211_exome	3.977e-06,3.266e-05,0,8.654e-06,3.976e-06,0,3.266e-05,0,0,0,0,0,0,3.266e-05,3.267e-05,3.276e-05,6.373e-05	11	116655820	116655820	T	G"
"gnomad211_exome	3.977e-06,6.152e-05,7.358e-06,0,3.976e-06,6.152e-05,0,0,0,0,0,0,0,.,6.166e-05,6.711e-05,.	11	116655833	116655833	C	G"
"gnomad211_exome	3.977e-06,8.791e-06,7.358e-06,0,3.976e-06,0,0,0,0,8.791e-06,0,0,0,8.956e-06,1.117e-05,9.734e-06,2.338e-05	11	116655835	116655835	C	T"
"gnomad211_exome	0.0044,0.0070,0.0044,0.0044,0.0044,0.0006,0.0009,0.0038,5.437e-05,0.0070,0.0016,0.0061,0.0054,0.0070,0.0071,0.0071,0.0077	11	116655859	116655859	C	T"
"gnomad211_exome	0.0007,0.0006,0.0007,0.0007,0.0007,6.153e-05,0.0001,0.0002,0,0.0006,0,0.0089,0.0016,0.0006,0.0006,0.0006,0.0004	11	116656258	116656258	C	T"
"gnomad211_exome	4.375e-05,0.0003,3.679e-05,5.193e-05,4.374e-05,0,3.266e-05,0.0003,0,8.791e-06,0,0,0,0.0003,0.0003,0.0003,0.0002	11	116656264	116656264	C	T"
"gnomad211_exome	7.954e-06,1.758e-05,0,1.731e-05,7.952e-06,0,0,0,0,1.758e-05,0,0,0,1.791e-05,2.233e-05,1.947e-05,4.676e-05	11	116656265	116656265	G	A"
"gnomad211_exome	3.977e-06,2.892e-05,0,8.654e-06,3.976e-06,0,0,2.892e-05,0,0,0,0,0,2.903e-05,3.277e-05,2.92e-05,5.845e-05	11	116656265	116656265	G	C"
"gnomad211_exome	3.977e-06,8.79e-06,0,8.653e-06,3.976e-06,0,0,0,0,8.79e-06,0,0,0,8.955e-06,1.117e-05,9.733e-06,2.338e-05	11	116656270	116656270	T	C"
"gnomad211_exome	3.977e-06,6.152e-05,7.358e-06,0,3.976e-06,6.152e-05,0,0,0,0,0,0,0,8.315e-05,6.166e-05,6.711e-05,.	11	116656273	116656273	T	A"
"gnomad211_exome	7.953e-06,5.437e-05,1.472e-05,0,7.952e-06,0,0,0,5.437e-05,8.791e-06,0,0,0,5.438e-05,1.117e-05,5.652e-05,0.0001	11	116656273	116656273	T	C"
"gnomad211_exome	2.784e-05,0.0002,2.207e-05,3.461e-05,2.783e-05,0,0,0.0002,0,0,0,0,0.0002,0.0002,0.0002,0.0002,0.0002	11	116656282	116656282	A	C"
"gnomad211_exome	1.193e-05,9.799e-05,2.207e-05,0,1.193e-05,0,9.799e-05,0,0,0,0,0,0,9.799e-05,9.801e-05,9.828e-05,0.0001	11	116656283	116656283	C	T"
"gnomad211_exome	4.772e-05,9.67e-05,6.622e-05,2.596e-05,4.771e-05,0,0,0,0,9.67e-05,0,0,0.0002,9.851e-05,0.0001,7.786e-05,7.015e-05	11	116656288	116656288	G	A"
"gnomad211_exome	3.977e-06,5.437e-05,0,8.654e-06,3.976e-06,0,0,0,5.437e-05,0,0,0,0,5.438e-05,7.454e-05,.,.	11	116656298	116656298	T	C"
"gnomad211_exome	1.193e-05,2.637e-05,1.472e-05,8.654e-06,1.193e-05,0,0,0,0,2.637e-05,0,0,0,2.687e-05,3.35e-05,2.92e-05,2.338e-05	11	116656306	116656306	G	A"
"gnomad211_exome	3.977e-06,8.792e-06,0,8.655e-06,3.976e-06,0,0,0,0,8.792e-06,0,0,0,8.956e-06,1.117e-05,9.734e-06,2.338e-05	11	116656309	116656309	T	A"
"gnomad211_exome	0.0006,0.0010,0.0005,0.0007,0.0006,0.0002,3.266e-05,0.0007,0,0.0010,0.0005,0,0.0003,0.0010,0.0010,0.0010,0.0009	11	116656314	116656314	G	T"
"gnomad211_exome	1.193e-05,1.759e-05,2.208e-05,0,1.193e-05,0,0,0,0,1.759e-05,4.623e-05,0,0,1.792e-05,2.234e-05,1.947e-05,2.338e-05	11	116656328	116656328	T	C"
"gnomad211_exome	3.978e-06,8.793e-06,0,8.66e-06,3.976e-06,0,0,0,0,8.793e-06,0,0,0,8.958e-06,1.117e-05,9.735e-06,2.339e-05	11	116656334	116656334	C	T"
"gnomad211_exome	3.98e-06,8.795e-06,0,8.662e-06,3.976e-06,0,0,0,0,8.795e-06,0,0,0,8.96e-06,1.117e-05,9.737e-06,2.339e-05	11	116656340	116656340	G	T"
"gnomad211_exome	3.98e-06,8.796e-06,0,8.662e-06,3.976e-06,0,0,0,0,8.796e-06,0,0,0,8.96e-06,1.117e-05,9.738e-06,.	11	116656342	116656342	T	C"
"gnomad211_exome	1.99e-05,0.0001,7.361e-06,3.465e-05,1.988e-05,0,0,0.0001,0,8.796e-06,0,0,0,0.0001,0.0001,0.0001,5.85e-05	11	116656348	116656348	A	G"
"gnomad211_exome	3.976e-06,.,7.357e-06,0,3.976e-06,0,0,0,0,0,0,9.921e-05,0,.,.,.,.	11	116656513	116656513	A	G"
"gnomad211_exome	7.953e-06,1.758e-05,7.357e-06,8.653e-06,7.952e-06,0,0,0,0,1.758e-05,0,0,0,1.791e-05,2.233e-05,1.947e-05,2.338e-05	11	116656513	116656513	A	T"
"gnomad211_exome	3.976e-06,8.79e-06,0,8.653e-06,3.976e-06,0,0,0,0,8.79e-06,0,0,0,8.954e-06,1.117e-05,9.732e-06,2.338e-05	11	116656520	116656520	A	G"
"gnomad211_exome	7.953e-06,.,7.357e-06,8.653e-06,7.952e-06,0,0,0,0,0,0,0,0.0003,.,.,.,.	11	116656526	116656526	A	G"
"gnomad211_exome	7.953e-06,0.0001,7.357e-06,8.653e-06,7.952e-06,0,0,0,0.0001,0,0,0,0,0.0001,0.0001,5.652e-05,.	11	116656528	116656528	G	A"
"gnomad211_exome	3.976e-06,2.891e-05,7.357e-06,0,3.976e-06,0,0,2.891e-05,0,0,0,0,0,2.902e-05,.,2.919e-05,.	11	116656532	116656532	C	T"
"gnomad211_exome	1.193e-05,9.799e-05,1.471e-05,8.653e-06,1.193e-05,0,9.799e-05,0,0,0,0,0,0,9.799e-05,9.801e-05,9.828e-05,6.373e-05	11	116656537	116656537	T	C"
"gnomad211_exome	3.976e-06,3.266e-05,7.357e-06,0,3.976e-06,0,3.266e-05,0,0,0,0,0,0,3.266e-05,3.267e-05,3.276e-05,.	11	116656543	116656543	T	A"
"gnomad211_exome	3.976e-06,2.891e-05,7.357e-06,0,3.976e-06,0,0,2.891e-05,0,0,0,0,0,2.902e-05,3.276e-05,2.919e-05,5.844e-05	11	116656544	116656544	C	T"
"gnomad211_exome	1.193e-05,8.79e-06,2.207e-05,0,1.193e-05,0,0,0,0,8.79e-06,9.239e-05,0,0,8.955e-06,1.117e-05,9.733e-06,2.338e-05	11	116656545	116656545	C	G"
"gnomad211_exome	3.976e-06,3.266e-05,0,8.653e-06,3.976e-06,0,3.266e-05,0,0,0,0,0,0,3.266e-05,3.267e-05,3.276e-05,6.373e-05	11	116656549	116656549	A	G"
"gnomad211_exome	3.976e-06,.,7.357e-06,0,3.976e-06,0,0,0,0,0,0,9.921e-05,0,.,.,.,.	11	116656551	116656551	T	G"
"gnomad211_exome	7.953e-06,3.266e-05,7.357e-06,8.653e-06,7.952e-06,0,3.266e-05,2.891e-05,0,0,0,0,0,3.266e-05,3.276e-05,3.276e-05,6.373e-05	11	116656552	116656552	T	C"
"gnomad211_exome	3.976e-06,3.266e-05,7.357e-06,0,3.976e-06,0,3.266e-05,0,0,0,0,0,0,3.266e-05,3.267e-05,3.276e-05,6.373e-05	11	116656559	116656559	T	C"
"gnomad211_exome	4.374e-05,0.0005,3.679e-05,5.192e-05,4.374e-05,0.0005,0,8.673e-05,0,0,0,0,0,0.0004,0.0004,0.0005,0.0008	11	116656567	116656567	T	C"
"gnomad211_exome	3.976e-06,8.79e-06,0,8.653e-06,3.976e-06,0,0,0,0,8.79e-06,0,0,0,8.954e-06,.,9.732e-06,.	11	116656570	116656570	A	G"
"gnomad211_exome	3.976e-06,8.79e-06,7.357e-06,0,3.976e-06,0,0,0,0,8.79e-06,0,0,0,8.955e-06,.,9.733e-06,2.338e-05	11	116656576	116656576	T	A"
"gnomad211_exome	7.953e-06,6.533e-05,1.471e-05,0,7.952e-06,0,6.533e-05,0,0,0,0,0,0,6.533e-05,6.534e-05,6.552e-05,6.373e-05	11	116656577	116656577	C	G"
"gnomad211_exome	3.976e-06,8.79e-06,0,8.653e-06,3.976e-06,0,0,0,0,8.79e-06,0,0,0,8.955e-06,1.117e-05,9.733e-06,2.338e-05	11	116656580	116656580	C	G"
"gnomad211_exome	3.976e-06,8.79e-06,0,8.653e-06,3.976e-06,0,0,0,0,8.79e-06,0,0,0,8.955e-06,1.117e-05,9.733e-06,2.338e-05	11	116656582	116656582	G	A"
"gnomad211_exome	3.976e-06,3.266e-05,7.357e-06,0,3.976e-06,0,3.266e-05,0,0,0,0,0,0,3.266e-05,3.267e-05,3.276e-05,.	11	116656583	116656583	T	C"
"gnomad211_exome	5.567e-05,0.0007,4.414e-05,6.923e-05,5.567e-05,0.0007,0,0,0,1.758e-05,0,0,0,0.0009,0.0007,0.0007,0.0006	11	116656586	116656586	C	G"
"gnomad211_exome	7.953e-06,.,1.471e-05,0,7.952e-06,0,0,0,0,0,4.619e-05,0,0.0002,.,.,.,.	11	116656588	116656588	T	C"
"gnomad211_exome	3.978e-06,8.796e-06,7.359e-06,0,3.976e-06,0,0,0,0,8.796e-06,0,0,0,8.961e-06,1.117e-05,9.74e-06,.	11	116657231	116657231	C	G"
"gnomad211_exome	3.978e-06,3.266e-05,7.359e-06,0,3.976e-06,0,3.266e-05,0,0,0,0,0,0,3.266e-05,3.267e-05,3.276e-05,.	11	116657232	116657232	G	C"
"gnomad211_exome	3.977e-06,6.152e-05,0,8.656e-06,3.976e-06,6.152e-05,0,0,0,0,0,0,0,8.315e-05,6.166e-05,6.711e-05,0.0001	11	116657242	116657242	G	T"
"gnomad211_exome	3.977e-06,6.152e-05,7.358e-06,0,3.976e-06,6.152e-05,0,0,0,0,0,0,0,8.315e-05,6.166e-05,6.711e-05,.	11	116657249	116657249	T	G"
"gnomad211_exome	3.977e-06,6.152e-05,0,8.656e-06,3.976e-06,6.152e-05,0,0,0,0,0,0,0,8.315e-05,6.166e-05,6.711e-05,.	11	116657252	116657252	A	G"
"gnomad211_exome	7.954e-06,6.152e-05,1.472e-05,0,7.952e-06,6.152e-05,0,0,0,8.793e-06,0,0,0,8.315e-05,6.166e-05,6.711e-05,.	11	116657262	116657262	T	G"
"gnomad211_exome	1.591e-05,3.266e-05,2.207e-05,8.655e-06,1.59e-05,0,3.266e-05,2.891e-05,0,8.793e-06,0,0,0.0002,3.266e-05,3.277e-05,3.276e-05,5.845e-05	11	116657267	116657267	C	T"
"gnomad211_exome	2.784e-05,6.533e-05,2.943e-05,2.597e-05,2.783e-05,0,6.533e-05,2.892e-05,5.437e-05,2.638e-05,0,0,0,6.533e-05,7.454e-05,6.552e-05,0.0001	11	116657268	116657268	G	A"
"gnomad211_exome	3.977e-06,6.152e-05,7.359e-06,0,3.976e-06,6.152e-05,0,0,0,0,0,0,0,8.315e-05,6.166e-05,6.711e-05,.	11	116657271	116657271	T	C"
"gnomad211_exome	3.977e-06,8.793e-06,7.358e-06,0,3.976e-06,0,0,0,0,8.793e-06,0,0,0,8.958e-06,.,9.736e-06,.	11	116657273	116657273	A	G"
"gnomad211_exome	7.955e-06,0.0001,7.358e-06,8.656e-06,7.952e-06,0,0,0,0.0001,0,0,0,0,0.0001,0.0001,0.0001,0.0002	11	116657274	116657274	T	A"
"gnomad211_exome	3.977e-06,8.794e-06,0,8.656e-06,3.976e-06,0,0,0,0,8.794e-06,0,0,0,8.959e-06,1.117e-05,9.737e-06,2.339e-05	11	116657274	116657274	T	G"
"gnomad211_exome	1.193e-05,0.0002,0,2.597e-05,1.193e-05,0.0002,0,0,0,0,0,0,0,0.0002,0.0002,0.0001,.	11	116657276	116657276	A	G"
"gnomad211_exome	3.981e-06,8.804e-06,0,8.666e-06,3.976e-06,0,0,0,0,8.804e-06,0,0,0,8.969e-06,1.118e-05,.,.	11	116657297	116657297	G	A"
"gnomad211_exome	3.976e-06,2.891e-05,7.357e-06,0,3.976e-06,0,0,2.891e-05,0,0,0,0,0,2.902e-05,3.276e-05,2.919e-05,5.844e-05	11	116657689	116657689	T	A"
"gnomad211_exome	7.953e-06,0.0001,1.471e-05,0,7.952e-06,0,0,0,0.0001,0,0,0,0,0.0001,7.454e-05,0.0001,0.0001	11	116657702	116657702	G	C"
"gnomad211_exome	3.976e-06,8.79e-06,0,8.653e-06,3.976e-06,0,0,0,0,8.79e-06,0,0,0,8.954e-06,.,9.732e-06,2.338e-05	11	116657710	116657710	T	G"
"gnomad211_exome	3.976e-06,.,7.357e-06,0,3.976e-06,0,0,0,0,0,4.619e-05,0,0,.,.,.,.	11	116657732	116657732	C	T"
"gnomad211_exome	7.953e-06,0.0001,0,1.731e-05,7.952e-06,0,0,0,0.0001,0,0,0,0,0.0001,0.0001,0.0001,0.0001	11	116657742	116657742	C	T"
"gnomad211_exome	3.977e-06,3.266e-05,7.357e-06,0,3.976e-06,0,3.266e-05,0,0,0,0,0,0,3.266e-05,3.267e-05,3.276e-05,.	11	116657751	116657751	T	C"
"gnomad211_exome	1.591e-05,0.0001,2.207e-05,8.654e-06,1.59e-05,0,0.0001,0,0,0,0,0,0,0.0001,0.0001,0.0001,0.0001	11	116657751	116657751	T	G"
"gnomad211_exome	7.954e-06,0.0001,0,1.731e-05,7.952e-06,0.0001,0,0,0,0,0,0,0,0.0002,0.0001,0.0001,0.0003	11	116657772	116657772	T	C"
"gnomad211_exome	3.983e-06,3.267e-05,0,8.666e-06,3.976e-06,0,3.267e-05,0,0,0,0,0,0,3.267e-05,3.268e-05,3.276e-05,.	11	116658200	116658200	C	T"
"gnomad211_exome	3.981e-06,8.81e-06,7.367e-06,0,3.976e-06,0,0,0,0,8.81e-06,0,0,0,8.976e-06,1.117e-05,9.757e-06,.	11	116658205	116658205	G	T"
"gnomad211_exome	1.195e-05,0.0002,7.368e-06,1.733e-05,1.988e-05,0,0,0,0.0002,0,0,0,0,0.0002,0.0002,0.0002,.	11	116658206	116658206	C	A"
"gnomad211_exome	3.98e-06,8.804e-06,7.365e-06,0,3.976e-06,0,0,0,0,8.804e-06,0,0,0,8.969e-06,.,9.749e-06,.	11	116658211	116658211	A	T"
"gnomad211_exome	3.98e-06,8.803e-06,7.364e-06,0,3.976e-06,0,0,0,0,8.803e-06,0,0,0,8.968e-06,1.117e-05,9.748e-06,2.338e-05	11	116658216	116658216	C	A"
"gnomad211_exome	3.98e-06,2.891e-05,0,8.658e-06,3.976e-06,0,0,2.891e-05,0,0,0,0,0,2.902e-05,3.277e-05,2.919e-05,.	11	116658216	116658216	C	G"
"gnomad211_exome	2.387e-05,0.0002,2.208e-05,2.597e-05,2.386e-05,0.0002,0,5.782e-05,0,0,0,0,0,0.0002,0.0002,0.0003,0.0003	11	116658221	116658221	T	C"
"gnomad211_exome	1.989e-05,0.0003,2.208e-05,1.731e-05,1.988e-05,0.0003,0,0,0,0,0,0,0,0.0004,0.0003,0.0003,0.0003	11	116658226	116658226	C	A"
"gnomad211_exome	3.978e-06,8.798e-06,7.361e-06,0,3.976e-06,0,0,0,0,8.798e-06,0,0,0,8.963e-06,1.117e-05,9.741e-06,2.338e-05	11	116658226	116658226	C	T"
"gnomad211_exome	3.977e-06,8.792e-06,0,8.655e-06,3.976e-06,0,0,0,0,8.792e-06,0,0,0,8.957e-06,1.117e-05,9.734e-06,2.338e-05	11	116658243	116658243	G	C"
"gnomad211_exome	7.953e-06,0.0001,1.472e-05,0,7.952e-06,0.0001,0,0,0,0,0,0,0,0.0002,0.0001,0.0001,0.0001	11	116658263	116658263	T	C"
"gnomad211_exome	3.977e-06,8.791e-06,0,8.654e-06,3.976e-06,0,0,0,0,8.791e-06,0,0,0,8.956e-06,1.117e-05,9.733e-06,2.338e-05	11	116658268	116658268	G	A"
"gnomad211_exome	7.953e-06,1.758e-05,7.357e-06,8.654e-06,7.952e-06,0,0,0,0,1.758e-05,0,0,0,1.791e-05,2.233e-05,1.947e-05,2.338e-05	11	116658269	116658269	T	C"
"gnomad211_exome	3.977e-06,8.792e-06,0,8.655e-06,3.976e-06,0,0,0,0,8.792e-06,0,0,0,8.957e-06,1.117e-05,9.734e-06,2.338e-05	11	116658287	116658287	G	A"
"gnomad211_exome	2.784e-05,0.0004,2.943e-05,2.597e-05,2.783e-05,0.0004,0,2.892e-05,0,0,0,0,0,0.0005,0.0004,0.0003,5.845e-05	11	116658290	116658290	C	G"
"gnomad211_exome	3.977e-06,8.793e-06,0,8.656e-06,3.976e-06,0,0,0,0,8.793e-06,0,0,0,8.958e-06,1.117e-05,9.735e-06,2.338e-05	11	116658293	116658293	A	G"
"gnomad211_exome	1.989e-05,0.0002,7.359e-06,3.462e-05,1.988e-05,0.0002,6.533e-05,0,0,0,0,0,0,8.315e-05,0.0002,0.0002,0.0003	11	116658295	116658295	G	A"
"gnomad211_exome	7.955e-06,1.759e-05,0,1.731e-05,7.952e-06,0,0,0,0,1.759e-05,0,0,0,1.792e-05,2.234e-05,.,.	11	116658298	116658298	A	C"
"gnomad211_exome	3.978e-06,6.152e-05,7.359e-06,0,3.976e-06,6.152e-05,0,0,0,0,0,0,0,8.315e-05,6.166e-05,6.711e-05,.	11	116658301	116658301	G	T"
"gnomad211_exome	3.979e-06,8.798e-06,7.361e-06,0,3.976e-06,0,0,0,0,8.798e-06,0,0,0,8.962e-06,.,9.741e-06,.	11	116658310	116658310	A	G"
"gnomad211_exome	3.978e-06,8.798e-06,7.36e-06,0,3.976e-06,0,0,0,0,8.798e-06,0,0,0,.,1.117e-05,9.741e-06,2.338e-05	11	116658311	116658311	T	C"
"gnomad211_exome	3.978e-06,5.437e-05,0,8.659e-06,3.976e-06,0,0,0,5.437e-05,0,0,0,0,5.438e-05,7.455e-05,5.653e-05,.	11	116658311	116658311	T	G"
"gnomad211_exome	3.981e-06,8.809e-06,0,8.666e-06,3.976e-06,0,0,0,0,8.809e-06,0,0,0,8.974e-06,.,9.753e-06,.	11	116658325	116658325	A	C"
"gnomad211_exome	3.984e-06,8.816e-06,7.369e-06,0,3.976e-06,0,0,0,0,8.816e-06,0,0,0,8.981e-06,1.118e-05,9.76e-06,2.338e-05	11	116658334	116658334	T	C"
"gnomad211_exome	3.985e-06,8.821e-06,0,8.676e-06,3.976e-06,0,0,0,0,8.821e-06,0,0,0,8.986e-06,1.118e-05,9.764e-06,.	11	116658337	116658337	G	A"
"gnomad211_exome	3.993e-06,2.898e-05,7.383e-06,0,3.976e-06,0,0,2.898e-05,0,0,0,0,0,2.909e-05,3.283e-05,2.926e-05,.	11	116658349	116658349	C	T"
"gnomad211_exome	3.996e-06,2.9e-05,0,8.707e-06,3.976e-06,0,0,2.9e-05,0,0,0,0,0,2.911e-05,3.285e-05,2.926e-05,5.858e-05	11	116658356	116658356	T	C"
"gnomad211_exome	2.514e-05,0.0001,1.166e-05,4.091e-05,4.845e-05,0,0,0.0001,0,1.647e-05,0,0,0,0.0001,0.0001,0.0001,0.0002	11	116658537	116658537	T	C"
"gnomad211_exome	6.185e-06,1.61e-05,1.149e-05,0,1.615e-05,0,0,0,0,1.61e-05,0,0,0,1.648e-05,.,1.721e-05,.	11	116658547	116658547	A	G"
"gnomad211_exome	6.176e-06,1.607e-05,1.148e-05,0,4.041e-06,0,0,0,0,1.607e-05,0,0,0,1.645e-05,1.876e-05,1.718e-05,.	11	116658552	116658552	A	C"
"gnomad211_exome	0.0004,0.0052,0.0004,0.0005,0.0004,0,4.2e-05,0,0.0052,0,0,0,0,0.0052,0.0055,0.0053,0.0057	11	116658553	116658553	T	G"
"gnomad211_exome	1.239e-05,3.211e-05,1.15e-05,1.342e-05,7.7e-05,0,0,0,0,3.211e-05,0,0,0,3.284e-05,3.75e-05,3.424e-05,8.485e-05	11	116658569	116658569	C	A"
"gnomad211_exome	6.193e-06,1.605e-05,0,1.342e-05,4.053e-06,0,0,0,0,1.605e-05,0,0,0,1.642e-05,1.875e-05,1.712e-05,.	11	116658569	116658569	C	G"
"gnomad211_exome	1.28e-05,3.356e-05,2.374e-05,0,1.222e-05,0,0,0,0,3.356e-05,0,0,0,1.718e-05,3.901e-05,3.569e-05,4.465e-05	11	116658584	116658584	C	G"
"gnomad211_exome	7.18e-05,0.0002,0.0001,2.838e-05,0.0001,0,0,0,0,0.0002,0,0,0,0.0002,0.0002,0.0002,0.0002	11	116658592	116658592	C	T"
"gnomad211_exome	1.739e-05,2.336e-05,1.564e-05,1.96e-05,3.796e-05,0,0,0,0,2.336e-05,0,0,0.0003,2.394e-05,2.66e-05,2.442e-05,.	11	116658624	116658624	G	T"
"gnomad211_exome	8.731e-06,4.838e-05,0,1.971e-05,3.794e-05,0,4.838e-05,0,0,0,0,0,0,4.838e-05,4.838e-05,4.84e-05,9.662e-05	11	116658625	116658625	G	A"
"gnomad211_exome	9.063e-06,.,0,2.053e-05,3.391e-05,0,0,0,0,0,0.0001,0,0,.,.,.,.	11	116658628	116658628	C	T"
"gnomad211_exome	9.415e-06,2.534e-05,1.678e-05,0,1.278e-05,0,0,0,0,2.534e-05,0,0,0,2.598e-05,2.878e-05,2.639e-05,.	11	116658631	116658631	G	A"
"gnomad211_exome	1.122e-05,3.036e-05,1.977e-05,0,2.603e-05,0,0,0,0,3.036e-05,0,0,0,3.119e-05,3.46e-05,3.138e-05,7.74e-05	11	116658637	116658637	G	A"
"gnomad211_exome	0.0012,0.0010,0.0013,0.0011,0.0008,0.0005,0.0004,0.0003,0,0.0010,0,0.0106,0.0016,0.0010,0.0008,0.0011,0.0013	11	116658645	116658645	G	A"
"gnomad211_exome	0.0041,0.0073,0.0044,0.0038,0.0029,0.0005,0.0073,0.0029,0,0.0046,0.0004,0.0047,0.0064,0.0073,0.0073,0.0073,0.0073	11	116658654	116658654	G	A"
"gnomad211_exome	2.721e-05,7.415e-05,2.396e-05,3.147e-05,2.536e-05,0,0,0,0,7.415e-05,0,0,0,7.652e-05,8.668e-05,7.631e-05,9.745e-05	11	116658654	116658654	G	C"
"gnomad211_exome	0.0001,0.0002,0.0002,7.363e-05,0.0001,0,0,0.0002,0.0002,0.0001,0,0,0.0005,0.0002,0.0003,0.0002,0.0002	11	116658661	116658661	C	T"
"gnomad211_exome	1.77e-05,4.245e-05,0,4.081e-05,3.343e-05,0,0,0,0,4.245e-05,0,0,0,4.387e-05,5.365e-05,4.473e-05,0.0001	11	116658675	116658675	G	A"
"gnomad211_exome	4.328e-05,0.0003,3.774e-05,5.075e-05,3.093e-05,0,0,0.0003,0,0,0,0,0,0.0003,0.0002,0.0003,.	11	116658693	116658693	C	G"
